file,split,angle
0.png,val,41.9
1.png,val,136.1
2.png,val,263.3
3.png,val,115.1
4.png,val,334.1
5.png,val,272.9
6.png,train,260.8
7.png,train,115.8
8.png,train,328.5
9.png,train,139.8
10.png,train,41.5
11.png,train,284.4
12.png,train,238.8
13.png,train,106.8
14.png,train,3.2
15.png,train,270.0
16.png,train,1.6
17.png,train,116.6
18.png,train,358.3
19.png,train,107.6
20.png,train,232.8
21.png,train,138.4
22.png,train,23.6
23.png,train,255.2
24.png,train,317.4
25.png,train,75.2
26.png,train,209.7
27.png,train,180.0
28.png,train,348.1
29.png,train,225.4
30.png,train,229.4
31.png,train,199.0
32.png,train,303.7
33.png,train,108.7
34.png,train,295.1
35.png,train,183.4
36.png,train,323.8
37.png,train,85.1
38.png,train,186.9
39.png,train,162.1
40.png,train,273.7
41.png,train,162.1
42.png,train,323.8
43.png,train,64.8
44.png,train,216.2
45.png,train,190.0
46.png,train,249.4
47.png,train,110.8
48.png,train,276.0
49.png,train,33.2
50.png,train,233.6
51.png,train,151.6
52.png,train,229.4
53.png,train,89.4
54.png,val,247.3
55.png,val,0.6
56.png,val,198.2
57.png,val,122.3
58.png,val,196.4
59.png,val,70.7
60.png,train,226.3
61.png,train,350.4
62.png,train,185.0
63.png,train,96.5
64.png,train,163.2
65.png,train,59.9
66.png,train,160.1
67.png,train,320.8
68.png,train,225.5
69.png,train,62.5
70.png,train,127.8
71.png,train,121.8
72.png,train,321.8
73.png,train,129.0
74.png,train,94.8
75.png,train,90.0
76.png,train,17.5
77.png,train,246.2
78.png,train,103.9
79.png,train,322.6
80.png,train,284.1
81.png,train,339.7
82.png,train,85.2
83.png,train,69.0
84.png,train,112.5
85.png,train,69.6
86.png,train,58.0
87.png,train,320.4
88.png,train,285.4
89.png,train,335.4
90.png,val,87.4
91.png,val,324.8
92.png,val,259.5
93.png,val,292.8
94.png,val,57.9
95.png,val,70.3
96.png,train,86.7
97.png,train,310.7
98.png,train,246.2
99.png,train,261.8
100.png,train,58.1
101.png,train,26.7
102.png,val,84.2
103.png,val,309.4
104.png,val,244.2
105.png,val,304.6
106.png,val,25.7
107.png,val,23.8
108.png,train,82.1
109.png,train,306.5
110.png,train,231.8
111.png,train,338.2
112.png,train,19.6
113.png,train,22.1
114.png,val,83.8
115.png,val,275.0
116.png,val,271.6
117.png,val,300.8
118.png,val,349.8
119.png,val,0.0
120.png,train,54.1
121.png,train,278.3
122.png,train,268.5
123.png,train,298.2
124.png,train,301.3
125.png,train,325.4
126.png,train,53.0
127.png,train,277.6
128.png,train,270.0
129.png,train,318.5
130.png,train,300.3
131.png,train,319.8
132.png,val,29.4
133.png,val,259.7
134.png,val,220.8
135.png,val,317.7
136.png,val,334.2
137.png,val,325.1
138.png,train,32.7
139.png,train,293.4
140.png,train,334.1
141.png,train,2.3
142.png,train,298.7
143.png,train,224.0
144.png,val,14.4
145.png,val,290.4
146.png,val,340.9
147.png,val,16.6
148.png,val,297.3
149.png,val,197.0
150.png,val,72.6
151.png,val,213.9
152.png,val,123.1
153.png,train,69.7
154.png,train,107.9
155.png,train,124.4
156.png,train,70.5
157.png,train,27.5
158.png,train,69.9
159.png,train,72.5
160.png,train,130.5
161.png,train,70.1
162.png,train,341.9
163.png,train,80.8
164.png,train,258.5
165.png,train,5.6
166.png,train,149.3
167.png,val,165.6
168.png,val,342.4
169.png,val,261.1
170.png,val,126.7
171.png,train,129.4
172.png,train,356.2
173.png,train,84.2
174.png,train,35.2
175.png,train,129.8
176.png,train,40.8
177.png,train,357.6
178.png,train,84.0
179.png,val,351.3
180.png,val,53.9
181.png,val,139.4
182.png,val,32.8
183.png,train,352.1
184.png,train,14.6
185.png,train,141.3
186.png,train,73.1
187.png,train,351.8
188.png,train,72.5
189.png,train,0.6
190.png,train,140.0
191.png,train,331.8
192.png,train,53.9
193.png,train,353.3
194.png,train,48.5
195.png,train,182.4
196.png,train,281.0
197.png,train,142.3
198.png,train,270.6
199.png,train,179.8
200.png,train,195.6
201.png,train,2.2
202.png,train,279.1
203.png,train,308.4
204.png,train,16.9
205.png,val,186.0
206.png,val,359.3
207.png,val,81.2
208.png,val,85.4
209.png,val,13.9
210.png,val,312.2
211.png,train,122.8
212.png,train,293.6
213.png,train,82.3
214.png,train,314.5
215.png,train,290.9
216.png,train,250.2
217.png,train,123.7
218.png,train,295.7
219.png,train,83.1
220.png,train,249.1
221.png,train,289.8
222.png,train,51.3
223.png,val,58.4
224.png,val,227.7
225.png,val,79.1
226.png,val,216.3
227.png,val,61.6
228.png,train,213.8
229.png,train,58.1
230.png,train,58.3
231.png,train,227.5
232.png,train,76.7
233.png,train,230.9
234.png,train,77.8
235.png,train,57.4
236.png,train,213.8
237.png,train,61.4
238.png,train,229.4
239.png,train,78.9
240.png,train,61.5
241.png,train,216.8
242.png,train,65.6
243.png,val,62.9
244.png,val,231.9
245.png,val,81.6
246.png,val,59.5
247.png,val,215.6
248.png,train,63.7
249.png,train,217.3
250.png,train,60.8
251.png,train,230.8
252.png,train,79.2
253.png,train,291.8
254.png,train,53.8
255.png,train,331.3
256.png,train,12.1
257.png,train,189.3
258.png,train,55.7
259.png,train,333.7
260.png,train,10.4
261.png,train,12.7
262.png,train,146.5
263.png,train,189.1
264.png,train,47.3
265.png,train,9.0
266.png,train,145.3
267.png,train,190.4
268.png,train,13.2
269.png,train,79.2
270.png,train,169.0
271.png,train,278.6
272.png,train,78.7
273.png,train,249.7
274.png,train,10.0
275.png,train,164.7
276.png,train,169.1
277.png,train,6.1
278.png,train,56.2
279.png,train,164.3
280.png,train,78.5
281.png,train,353.5
282.png,train,3.5
283.png,train,86.5
284.png,train,328.6
285.png,train,307.8
286.png,train,84.8
287.png,train,105.9
288.png,train,270.5
289.png,train,87.3
290.png,train,39.0
291.png,train,309.8
292.png,train,37.8
293.png,train,104.0
294.png,val,246.8
295.png,val,87.5
296.png,val,37.9
297.png,val,106.4
298.png,val,39.2
299.png,val,355.2
300.png,val,253.6
301.png,val,86.8
302.png,val,36.5
303.png,val,23.3
304.png,val,34.8
305.png,val,287.6
306.png,val,2.3
307.png,val,305.9
308.png,val,288.3
309.png,val,302.1
310.png,val,201.9
311.png,val,167.4
312.png,train,213.7
313.png,train,204.1
314.png,train,216.9
315.png,train,107.6
316.png,train,80.7
317.png,train,303.5
318.png,train,333.8
319.png,train,281.8
320.png,train,281.6
321.png,train,218.2
322.png,train,86.2
323.png,train,133.3
324.png,train,178.5
325.png,train,207.0
326.png,train,185.8
327.png,train,346.7
328.png,train,51.0
329.png,train,274.1
330.png,train,253.0
331.png,train,24.9
332.png,train,140.9
333.png,train,138.2
334.png,train,309.9
335.png,train,103.0
336.png,train,243.2
337.png,train,24.0
338.png,train,35.0
339.png,train,178.9
340.png,train,326.5
341.png,train,156.4
342.png,train,149.3
343.png,train,317.9
344.png,train,82.9
345.png,train,168.1
346.png,train,157.2
347.png,train,318.7
348.png,train,78.6
349.png,train,149.6
350.png,train,156.7
351.png,train,182.5
352.png,train,17.1
353.png,train,105.5
354.png,train,114.3
355.png,train,148.6
356.png,train,307.7
357.png,train,57.0
358.png,train,359.4
359.png,train,117.3
360.png,train,144.1
361.png,train,54.1
362.png,train,27.6
363.png,train,100.2
364.png,train,144.1
365.png,train,133.2
366.png,train,95.7
367.png,train,314.7
368.png,train,104.5
369.png,train,282.2
370.png,train,292.4
371.png,val,41.9
372.png,val,136.1
373.png,val,263.3
374.png,val,115.1
375.png,val,334.1
376.png,val,272.9
377.png,train,41.7786
378.png,train,135.8944
379.png,train,262.7018
380.png,train,114.3098
381.png,train,334.0914
382.png,train,272.0765
383.png,val,37.8141
384.png,val,132.0141
385.png,val,259.2141
386.png,val,111.0141
387.png,val,330.0141
388.png,val,268.8141
389.png,val,41.9
390.png,val,136.1
391.png,val,263.3
392.png,val,115.1
393.png,val,334.1
394.png,val,272.9
395.png,train,41.9
396.png,train,136.1
397.png,train,263.3
398.png,train,115.1
399.png,train,334.1
400.png,train,272.9
401.png,val,260.8
402.png,val,115.8
403.png,val,328.5
404.png,val,139.8
405.png,val,41.5
406.png,val,284.4
407.png,val,260.8
408.png,val,115.8
409.png,val,328.5
410.png,val,139.8
411.png,val,41.5
412.png,val,284.4
413.png,val,260.8
414.png,val,115.8
415.png,val,328.5
416.png,val,139.8
417.png,val,41.5
418.png,val,284.4
419.png,val,263.9902
420.png,val,118.9902
421.png,val,331.6902
422.png,val,142.9902
423.png,val,44.6902
424.png,val,287.5902
425.png,val,260.8487
426.png,val,116.1491
427.png,val,328.6312
428.png,val,139.9376
429.png,val,40.8946
430.png,val,284.6576
431.png,train,238.8
432.png,train,106.8
433.png,train,3.2
434.png,train,270.0
435.png,train,1.6
436.png,train,116.6
437.png,train,237.2495
438.png,train,107.168
439.png,train,4.1853
440.png,train,268.8775
441.png,train,2.432
442.png,train,116.8291
443.png,val,238.8
444.png,val,106.8
445.png,val,3.2
446.png,val,270.0
447.png,val,1.6
448.png,val,116.6
449.png,train,265.5218
450.png,train,133.5218
451.png,train,29.9218
452.png,train,296.7218
453.png,train,28.3218
454.png,train,143.3218
455.png,train,228.1851
456.png,train,96.1851
457.png,train,352.5851
458.png,train,259.3851
459.png,train,350.9851
460.png,train,105.9851
461.png,train,357.0904
462.png,train,103.3929
463.png,train,232.4123
464.png,train,133.2627
465.png,train,23.5109
466.png,train,252.6209
467.png,train,25.5736
468.png,train,134.8736
469.png,train,260.0736
470.png,train,165.6736
471.png,train,50.8736
472.png,train,282.4736
473.png,train,358.3
474.png,train,107.6
475.png,train,232.8
476.png,train,138.4
477.png,train,23.6
478.png,train,255.2
479.png,train,358.0704
480.png,train,107.852
481.png,train,234.2523
482.png,train,137.8206
483.png,train,24.1716
484.png,train,255.9211
485.png,train,16.0399
486.png,train,125.3117
487.png,train,249.5919
488.png,train,156.1433
489.png,train,40.7266
490.png,train,272.2664
491.png,val,318.2448
492.png,val,75.2404
493.png,val,209.6701
494.png,val,180.3627
495.png,val,348.6947
496.png,val,225.3849
497.png,train,336.4788
498.png,train,92.9289
499.png,train,227.7942
500.png,train,198.8893
501.png,train,7.1524
502.png,train,242.962
503.png,train,308.4497
504.png,train,66.3347
505.png,train,201.5738
506.png,train,171.7787
507.png,train,339.6792
508.png,train,216.9234
509.png,val,317.4
510.png,val,75.2
511.png,val,209.7
512.png,val,180.0
513.png,val,348.1
514.png,val,225.4
515.png,val,317.4
516.png,val,75.2
517.png,val,209.7
518.png,val,180.0
519.png,val,348.1
520.png,val,225.4
521.png,train,229.8682
522.png,train,198.2271
523.png,train,304.0795
524.png,train,109.6121
525.png,train,295.7836
526.png,train,182.2358
527.png,train,229.4
528.png,train,199.0
529.png,train,303.7
530.png,train,108.7
531.png,train,295.1
532.png,train,183.4
533.png,train,217.7278
534.png,train,187.3278
535.png,train,292.0278
536.png,train,97.0278
537.png,train,283.4278
538.png,train,171.7278
539.png,train,232.568
540.png,train,202.168
541.png,train,306.868
542.png,train,111.868
543.png,train,298.268
544.png,train,186.568
545.png,train,208.6437
546.png,train,178.8735
547.png,train,283.0242
548.png,train,88.1412
549.png,train,275.0047
550.png,train,163.4207
551.png,train,323.2954
552.png,train,84.458
553.png,train,186.2425
554.png,train,161.75
555.png,train,273.1693
556.png,train,161.455
557.png,train,323.8
558.png,train,85.1
559.png,train,186.9
560.png,train,162.1
561.png,train,273.7
562.png,train,162.1
563.png,train,323.8
564.png,train,85.1
565.png,train,186.9
566.png,train,162.1
567.png,train,273.7
568.png,train,162.1
569.png,train,323.8
570.png,train,85.1
571.png,train,186.9
572.png,train,162.1
573.png,train,273.7
574.png,train,162.1
575.png,val,322.8083
576.png,val,81.0151
577.png,val,189.0888
578.png,val,163.6872
579.png,val,269.3961
580.png,val,162.8737
581.png,train,323.8
582.png,train,64.8
583.png,train,216.2
584.png,train,190.0
585.png,train,249.4
586.png,train,110.8
587.png,train,323.7777
588.png,train,61.0101
589.png,train,213.368
590.png,train,189.075
591.png,train,246.0878
592.png,train,109.0945
593.png,train,325.4818
594.png,train,64.036
595.png,train,216.2588
596.png,train,191.4535
597.png,train,249.1455
598.png,train,111.0887
599.png,train,344.1082
600.png,train,85.1082
601.png,train,236.5082
602.png,train,210.3082
603.png,train,269.7082
604.png,train,131.1082
605.png,train,341.6043
606.png,train,82.6043
607.png,train,234.0043
608.png,train,207.8043
609.png,train,267.2043
610.png,train,128.6043
611.png,train,277.608
612.png,train,32.048
613.png,train,233.6635
614.png,train,150.8654
615.png,train,229.4191
616.png,train,91.361
617.png,train,292.9067
618.png,train,50.1067
619.png,train,250.5067
620.png,train,168.5067
621.png,train,246.3067
622.png,train,106.3067
623.png,train,277.2367
624.png,train,34.4367
625.png,train,234.8367
626.png,train,152.8367
627.png,train,230.6367
628.png,train,90.6367
629.png,val,276.0
630.png,val,33.2
631.png,val,233.6
632.png,val,151.6
633.png,val,229.4
634.png,val,89.4
635.png,train,276.0
636.png,train,33.2
637.png,train,233.6
638.png,train,151.6
639.png,train,229.4
640.png,train,89.4
641.png,train,252.6966
642.png,train,5.9966
643.png,train,203.5966
644.png,train,127.6966
645.png,train,201.7966
646.png,train,76.0966
647.png,val,243.0095
648.png,val,359.8234
649.png,val,196.1037
650.png,val,120.8872
651.png,val,194.5012
652.png,val,66.1322
653.png,train,241.4505
654.png,train,354.774
655.png,train,192.1039
656.png,train,117.0171
657.png,train,190.5483
658.png,train,65.2966
659.png,train,246.5843
660.png,train,359.8843
661.png,train,197.4843
662.png,train,121.5843
663.png,train,195.6843
664.png,train,69.9843
665.png,train,247.3
666.png,train,0.6
667.png,train,198.2
668.png,train,122.3
669.png,train,196.4
670.png,train,70.7
671.png,train,217.5491
672.png,train,341.6491
673.png,train,176.2491
674.png,train,87.7491
675.png,train,154.4491
676.png,train,51.1491
677.png,train,217.6417
678.png,train,341.7417
679.png,train,176.3417
680.png,train,87.8417
681.png,train,154.5417
682.png,train,51.2417
683.png,train,226.3
684.png,train,350.4
685.png,train,185.0
686.png,train,96.5
687.png,train,163.2
688.png,train,59.9
689.png,train,226.8827
690.png,train,350.787
691.png,train,185.6384
692.png,train,96.8136
693.png,train,163.567
694.png,train,60.4271
695.png,val,218.8818
696.png,val,342.9818
697.png,val,177.5818
698.png,val,89.0818
699.png,val,155.7818
700.png,val,52.4818
701.png,train,130.7431
702.png,train,291.8617
703.png,train,196.1348
704.png,train,33.49
705.png,train,99.2063
706.png,train,93.3136
707.png,train,160.1
708.png,train,320.8
709.png,train,225.5
710.png,train,62.5
711.png,train,127.8
712.png,train,121.8
713.png,train,190.0466
714.png,train,350.7466
715.png,train,255.4466
716.png,train,92.4466
717.png,train,157.7466
718.png,train,151.7466
719.png,train,148.0107
720.png,train,308.7107
721.png,train,213.4107
722.png,train,50.4107
723.png,train,115.7107
724.png,train,109.7107
725.png,train,160.1
726.png,train,320.8
727.png,train,225.5
728.png,train,62.5
729.png,train,127.8
730.png,train,121.8
731.png,train,321.8
732.png,train,129.0
733.png,train,94.8
734.png,train,90.0
735.png,train,17.5
736.png,train,246.2
737.png,train,324.7369
738.png,train,131.7161
739.png,train,94.7056
740.png,train,89.4415
741.png,train,17.1486
742.png,train,244.1538
743.png,val,308.4025
744.png,val,115.6025
745.png,val,81.4025
746.png,val,76.6025
747.png,val,4.1025
748.png,val,232.8025
749.png,train,298.9726
750.png,train,106.1726
751.png,train,71.9726
752.png,train,67.1726
753.png,train,354.6726
754.png,train,223.3726
755.png,train,322.3711
756.png,train,129.7084
757.png,train,95.3195
758.png,train,90.4324
759.png,train,16.9833
760.png,train,246.0897
761.png,train,94.2842
762.png,train,312.9842
763.png,train,274.4842
764.png,train,330.0842
765.png,train,75.5842
766.png,train,59.3842
767.png,train,103.9
768.png,train,322.6
769.png,train,284.1
770.png,train,339.7
771.png,train,85.2
772.png,train,69.0
773.png,val,103.9
774.png,val,322.6
775.png,val,284.1
776.png,val,339.7
777.png,val,85.2
778.png,val,69.0
779.png,train,119.5359
780.png,train,338.2359
781.png,train,299.7359
782.png,train,355.3359
783.png,train,100.8359
784.png,train,84.6359
785.png,train,103.9
786.png,train,322.6
787.png,train,284.1
788.png,train,339.7
789.png,train,85.2
790.png,train,69.0
791.png,train,89.6779
792.png,train,47.0115
793.png,train,35.3575
794.png,train,297.1611
795.png,train,262.5428
796.png,train,311.9999
797.png,train,109.5836
798.png,train,66.9691
799.png,train,55.8567
800.png,train,319.2493
801.png,train,283.0895
802.png,train,335.381
803.png,train,112.5
804.png,train,69.6
805.png,train,58.0
806.png,train,320.4
807.png,train,285.4
808.png,train,335.4
809.png,train,86.867
810.png,train,43.967
811.png,train,32.367
812.png,train,294.767
813.png,train,259.767
814.png,train,309.767
815.png,train,95.3733
816.png,train,52.4733
817.png,train,40.8733
818.png,train,303.2733
819.png,train,268.2733
820.png,train,318.2733
821.png,val,87.4
822.png,val,324.8
823.png,val,259.5
824.png,val,292.8
825.png,val,57.9
826.png,val,70.3
827.png,train,65.2537
828.png,train,302.6537
829.png,train,237.3537
830.png,train,270.6537
831.png,train,35.7537
832.png,train,48.1537
833.png,train,87.4
834.png,train,324.8
835.png,train,259.5
836.png,train,292.8
837.png,train,57.9
838.png,train,70.3
839.png,val,107.1821
840.png,val,348.6368
841.png,val,278.7854
842.png,val,314.1721
843.png,val,76.9356
844.png,val,89.1997
845.png,train,87.4
846.png,train,324.8
847.png,train,259.5
848.png,train,292.8
849.png,train,57.9
850.png,train,70.3
851.png,train,86.7
852.png,train,310.7
853.png,train,246.2
854.png,train,261.8
855.png,train,58.1
856.png,train,26.7
857.png,train,114.1203
858.png,train,338.1203
859.png,train,273.6203
860.png,train,289.2203
861.png,train,85.5203
862.png,train,54.1203
863.png,train,86.7
864.png,train,310.7
865.png,train,246.2
866.png,train,261.8
867.png,train,58.1
868.png,train,26.7
869.png,train,98.8461
870.png,train,322.8461
871.png,train,258.3461
872.png,train,273.9461
873.png,train,70.2461
874.png,train,38.8461
875.png,train,86.7
876.png,train,310.7
877.png,train,246.2
878.png,train,261.8
879.png,train,58.1
880.png,train,26.7
881.png,train,57.3831
882.png,train,282.5831
883.png,train,217.3831
884.png,train,277.7831
885.png,train,358.8831
886.png,train,356.9831
887.png,train,84.2
888.png,train,309.4
889.png,train,244.2
890.png,train,304.6
891.png,train,25.7
892.png,train,23.8
893.png,train,105.884
894.png,train,331.084
895.png,train,265.884
896.png,train,326.284
897.png,train,47.384
898.png,train,45.484
899.png,train,84.2
900.png,train,309.4
901.png,train,244.2
902.png,train,304.6
903.png,train,25.7
904.png,train,23.8
905.png,train,84.2
906.png,train,309.4
907.png,train,244.2
908.png,train,304.6
909.png,train,25.7
910.png,train,23.8
911.png,train,95.3163
912.png,train,319.7163
913.png,train,245.0163
914.png,train,351.4163
915.png,train,32.8163
916.png,train,35.3163
917.png,train,79.9953
918.png,train,305.3948
919.png,train,230.2021
920.png,train,338.3077
921.png,train,19.4164
922.png,train,21.7556
923.png,train,89.4336
924.png,train,312.6671
925.png,train,240.9955
926.png,train,345.769
927.png,train,29.2382
928.png,train,31.833
929.png,train,60.5592
930.png,train,286.6501
931.png,train,208.6527
932.png,train,317.4289
933.png,train,356.4792
934.png,train,359.0159
935.png,train,85.4686
936.png,train,309.8686
937.png,train,235.1686
938.png,train,341.5686
939.png,train,22.9686
940.png,train,25.4686
941.png,train,83.8
942.png,train,275.0
943.png,train,271.6
944.png,train,300.8
945.png,train,349.8
946.png,train,0.0
947.png,train,76.4414
948.png,train,267.6414
949.png,train,264.2414
950.png,train,293.4414
951.png,train,342.4414
952.png,train,352.6414
953.png,train,83.8
954.png,train,275.0
955.png,train,271.6
956.png,train,300.8
957.png,train,349.8
958.png,train,0.0
959.png,val,85.8932
960.png,val,277.0422
961.png,val,273.6748
962.png,val,302.2295
963.png,val,349.7917
964.png,val,0.3513
965.png,train,61.9983
966.png,train,253.1983
967.png,train,249.7983
968.png,train,278.9983
969.png,train,327.9983
970.png,train,338.1983
971.png,train,80.3392
972.png,train,304.5392
973.png,train,294.7392
974.png,train,324.4392
975.png,train,327.5392
976.png,train,351.6392
977.png,train,54.2471
978.png,train,278.3192
979.png,train,268.5144
980.png,train,298.2271
981.png,train,301.3145
982.png,train,325.5271
983.png,val,69.6898
984.png,val,293.8898
985.png,val,284.0898
986.png,val,313.7898
987.png,val,316.8898
988.png,val,340.9898
989.png,val,67.6696
990.png,val,291.8696
991.png,val,282.0696
992.png,val,311.7696
993.png,val,314.8696
994.png,val,338.9696
995.png,train,53.931
996.png,train,278.0505
997.png,train,268.2584
998.png,train,297.9653
999.png,train,301.0776
1000.png,train,325.2435
1001.png,val,52.7451
1002.png,val,278.1971
1003.png,val,270.5582
1004.png,val,318.5936
1005.png,val,301.1015
1006.png,val,320.3091
1007.png,train,53.0
1008.png,train,277.6
1009.png,train,270.0
1010.png,train,318.5
1011.png,train,300.3
1012.png,train,319.8
1013.png,train,53.0
1014.png,train,277.6
1015.png,train,270.0
1016.png,train,318.5
1017.png,train,300.3
1018.png,train,319.8
1019.png,train,53.0
1020.png,train,277.6
1021.png,train,270.0
1022.png,train,318.5
1023.png,train,300.3
1024.png,train,319.8
1025.png,train,54.1182
1026.png,train,278.7182
1027.png,train,271.1182
1028.png,train,319.6182
1029.png,train,301.4182
1030.png,train,320.9182
1031.png,train,34.5469
1032.png,train,264.8469
1033.png,train,225.9469
1034.png,train,322.8469
1035.png,train,339.3469
1036.png,train,330.2469
1037.png,train,26.2807
1038.png,train,256.5807
1039.png,train,217.6807
1040.png,train,314.5807
1041.png,train,331.0807
1042.png,train,321.9807
1043.png,train,35.2783
1044.png,train,265.5783
1045.png,train,226.6783
1046.png,train,323.5783
1047.png,train,340.0783
1048.png,train,330.9783
1049.png,train,32.3558
1050.png,train,263.0606
1051.png,train,223.6978
1052.png,train,321.5994
1053.png,train,337.9149
1054.png,train,328.8794
1055.png,val,55.6577
1056.png,val,285.9577
1057.png,val,247.0577
1058.png,val,343.9577
1059.png,val,0.4577
1060.png,val,351.3577
1061.png,train,32.7
1062.png,train,293.4
1063.png,train,334.1
1064.png,train,2.3
1065.png,train,298.7
1066.png,train,224.0
1067.png,train,56.5569
1068.png,train,317.2569
1069.png,train,357.9569
1070.png,train,26.1569
1071.png,train,322.5569
1072.png,train,247.8569
1073.png,train,26.9469
1074.png,train,287.6469
1075.png,train,328.3469
1076.png,train,356.5469
1077.png,train,292.9469
1078.png,train,218.2469
1079.png,train,32.7
1080.png,train,293.4
1081.png,train,334.1
1082.png,train,2.3
1083.png,train,298.7
1084.png,train,224.0
1085.png,train,32.7
1086.png,train,293.4
1087.png,train,334.1
1088.png,train,2.3
1089.png,train,298.7
1090.png,train,224.0
1091.png,train,14.0759
1092.png,train,291.4488
1093.png,train,339.1064
1094.png,train,16.8298
1095.png,train,297.4438
1096.png,train,197.2036
1097.png,train,14.4
1098.png,train,290.4
1099.png,train,340.9
1100.png,train,16.6
1101.png,train,297.3
1102.png,train,197.0
1103.png,val,13.7337
1104.png,val,289.7337
1105.png,val,340.2337
1106.png,val,15.9337
1107.png,val,296.6337
1108.png,val,196.3337
1109.png,train,12.856
1110.png,train,288.7962
1111.png,train,339.3501
1112.png,train,15.6286
1113.png,train,295.5224
1114.png,train,195.9395
1115.png,val,14.5517
1116.png,val,286.8984
1117.png,val,340.5055
1118.png,val,16.4304
1119.png,val,294.0873
1120.png,val,196.8596
1121.png,train,72.6
1122.png,train,213.9
1123.png,train,123.1
1124.png,val,73.8916
1125.png,val,215.3402
1126.png,val,122.2691
1127.png,train,88.7872
1128.png,train,230.0872
1129.png,train,139.2872
1130.png,train,72.6
1131.png,train,213.9
1132.png,train,123.1
1133.png,train,76.7878
1134.png,train,218.0878
1135.png,train,127.2878
1136.png,train,77.9166
1137.png,train,116.1166
1138.png,train,132.6166
1139.png,train,69.7
1140.png,train,107.9
1141.png,train,124.4
1142.png,train,70.3795
1143.png,train,108.9079
1144.png,train,125.3429
1145.png,train,69.7
1146.png,train,107.9
1147.png,train,124.4
1148.png,train,79.682
1149.png,train,117.882
1150.png,train,134.382
1151.png,train,70.5
1152.png,train,27.5
1153.png,train,69.9
1154.png,train,52.5461
1155.png,train,11.0422
1156.png,train,51.5714
1157.png,train,70.5
1158.png,train,27.5
1159.png,train,69.9
1160.png,val,70.5
1161.png,val,27.5
1162.png,val,69.9
1163.png,train,73.0269
1164.png,train,30.0269
1165.png,train,72.4269
1166.png,train,42.8432
1167.png,train,100.8432
1168.png,train,40.4432
1169.png,train,312.2432
1170.png,train,72.5
1171.png,train,130.5
1172.png,train,70.1
1173.png,train,341.9
1174.png,train,93.0653
1175.png,train,151.0653
1176.png,train,90.6653
1177.png,train,2.4653
1178.png,train,73.2122
1179.png,train,130.3014
1180.png,train,71.3453
1181.png,train,341.1861
1182.png,train,72.1497
1183.png,train,130.6808
1184.png,train,69.7277
1185.png,train,340.4633
1186.png,train,82.6038
1187.png,train,261.1863
1188.png,train,7.1443
1189.png,train,149.8631
1190.png,train,78.4155
1191.png,train,256.5505
1192.png,train,4.8333
1193.png,train,148.191
1194.png,train,79.9586
1195.png,train,257.7589
1196.png,train,6.523
1197.png,train,149.8178
1198.png,val,80.8
1199.png,val,258.5
1200.png,val,5.6
1201.png,val,149.3
1202.png,train,80.8
1203.png,train,258.5
1204.png,train,5.6
1205.png,train,149.3
1206.png,train,159.7899
1207.png,train,336.5899
1208.png,train,255.2899
1209.png,train,120.8899
1210.png,train,165.374
1211.png,train,342.4046
1212.png,train,263.0113
1213.png,train,126.5928
1214.png,train,165.6
1215.png,train,342.4
1216.png,train,261.1
1217.png,train,126.7
1218.png,train,165.8493
1219.png,train,342.5317
1220.png,train,257.9221
1221.png,train,124.3784
1222.png,train,165.6
1223.png,train,342.4
1224.png,train,261.1
1225.png,train,126.7
1226.png,train,154.2143
1227.png,train,21.0143
1228.png,train,109.0143
1229.png,train,60.0143
1230.png,train,154.2048
1231.png,train,21.0048
1232.png,train,109.0048
1233.png,train,60.0048
1234.png,train,129.4
1235.png,train,356.2
1236.png,train,84.2
1237.png,train,35.2
1238.png,val,129.4
1239.png,val,356.2
1240.png,val,84.2
1241.png,val,35.2
1242.png,train,150.9151
1243.png,train,17.7151
1244.png,train,105.7151
1245.png,train,56.7151
1246.png,train,129.8
1247.png,train,40.8
1248.png,train,357.6
1249.png,train,84.0
1250.png,val,156.5477
1251.png,val,67.5477
1252.png,val,24.3477
1253.png,val,110.7477
1254.png,train,129.8
1255.png,train,40.8
1256.png,train,357.6
1257.png,train,84.0
1258.png,train,127.528
1259.png,train,38.528
1260.png,train,355.328
1261.png,train,81.728
1262.png,train,129.8
1263.png,train,40.8
1264.png,train,357.6
1265.png,train,84.0
1266.png,train,351.3
1267.png,train,53.9
1268.png,train,139.4
1269.png,train,32.8
1270.png,train,348.6309
1271.png,train,57.5164
1272.png,train,135.6247
1273.png,train,35.3137
1274.png,train,352.6251
1275.png,train,53.692
1276.png,train,139.0369
1277.png,train,33.6097
1278.png,train,351.3
1279.png,train,53.9
1280.png,train,139.4
1281.png,train,32.8
1282.png,val,330.8287
1283.png,val,33.4287
1284.png,val,118.9287
1285.png,val,12.3287
1286.png,train,352.6
1287.png,train,13.8847
1288.png,train,141.9305
1289.png,train,70.6609
1290.png,train,345.3191
1291.png,train,7.8191
1292.png,train,134.5191
1293.png,train,66.3191
1294.png,train,332.8929
1295.png,train,355.3929
1296.png,train,122.0929
1297.png,train,53.8929
1298.png,train,331.3789
1299.png,train,353.8789
1300.png,train,120.5789
1301.png,train,52.3789
1302.png,train,339.7692
1303.png,train,2.2692
1304.png,train,128.9692
1305.png,train,60.7692
1306.png,train,324.9892
1307.png,train,45.6892
1308.png,train,333.7892
1309.png,train,113.1892
1310.png,train,350.3035
1311.png,train,70.5923
1312.png,train,359.5615
1313.png,train,136.8154
1314.png,val,351.8
1315.png,val,72.5
1316.png,val,0.6
1317.png,val,140.0
1318.png,train,321.8563
1319.png,train,42.6151
1320.png,train,330.2201
1321.png,train,111.8435
1322.png,train,351.8
1323.png,train,72.5
1324.png,train,0.6
1325.png,train,140.0
1326.png,train,330.4422
1327.png,train,52.6364
1328.png,train,352.6393
1329.png,train,47.4067
1330.png,train,0.4765
1331.png,train,82.5765
1332.png,train,21.9765
1333.png,train,77.1765
1334.png,train,357.592
1335.png,train,79.692
1336.png,train,19.092
1337.png,train,74.292
1338.png,train,334.4423
1339.png,train,56.5423
1340.png,train,355.9423
1341.png,train,51.1423
1342.png,train,330.9345
1343.png,train,51.5588
1344.png,train,353.5223
1345.png,train,46.6832
1346.png,train,183.9104
1347.png,train,284.0468
1348.png,train,142.7905
1349.png,train,274.7664
1350.png,train,182.4413
1351.png,train,281.273
1352.png,train,142.2781
1353.png,train,270.6869
1354.png,train,182.4
1355.png,train,281.0
1356.png,train,142.3
1357.png,train,270.6
1358.png,train,182.4
1359.png,train,281.0
1360.png,train,142.3
1361.png,train,270.6
1362.png,train,182.4
1363.png,train,281.0
1364.png,train,142.3
1365.png,train,270.6
1366.png,train,179.8
1367.png,train,195.6
1368.png,train,2.2
1369.png,train,279.1
1370.png,train,308.4
1371.png,train,16.9
1372.png,train,179.7315
1373.png,train,195.5315
1374.png,train,2.1315
1375.png,train,279.0315
1376.png,train,308.3315
1377.png,train,16.8315
1378.png,val,179.8
1379.png,val,195.6
1380.png,val,2.2
1381.png,val,279.1
1382.png,val,308.4
1383.png,val,16.9
1384.png,train,170.1385
1385.png,train,185.9385
1386.png,train,352.5385
1387.png,train,269.4385
1388.png,train,298.7385
1389.png,train,7.2385
1390.png,train,161.3414
1391.png,train,177.1414
1392.png,train,343.7414
1393.png,train,260.6414
1394.png,train,289.9414
1395.png,train,358.4414
1396.png,train,163.9342
1397.png,train,337.2342
1398.png,train,59.1342
1399.png,train,63.3342
1400.png,train,351.8342
1401.png,train,290.1342
1402.png,val,207.4152
1403.png,val,20.7152
1404.png,val,102.6152
1405.png,val,106.8152
1406.png,val,35.3152
1407.png,val,333.6152
1408.png,train,175.7665
1409.png,train,349.0665
1410.png,train,70.9665
1411.png,train,75.1665
1412.png,train,3.6665
1413.png,train,301.9665
1414.png,train,182.4028
1415.png,train,355.7028
1416.png,train,77.6028
1417.png,train,81.8028
1418.png,train,10.3028
1419.png,train,308.6028
1420.png,train,186.0
1421.png,train,359.3
1422.png,train,81.2
1423.png,train,85.4
1424.png,train,13.9
1425.png,train,312.2
1426.png,train,122.514
1427.png,train,293.7086
1428.png,train,84.8408
1429.png,train,314.0311
1430.png,train,291.2333
1431.png,train,253.9304
1432.png,val,132.5336
1433.png,val,303.3336
1434.png,val,92.0336
1435.png,val,324.2336
1436.png,val,300.6336
1437.png,val,259.9336
1438.png,val,93.9997
1439.png,val,264.7997
1440.png,val,53.4997
1441.png,val,285.6997
1442.png,val,262.0997
1443.png,val,221.3997
1444.png,train,122.8
1445.png,train,293.6
1446.png,train,82.3
1447.png,train,314.5
1448.png,train,290.9
1449.png,train,250.2
1450.png,train,122.8
1451.png,train,293.6
1452.png,train,82.3
1453.png,train,314.5
1454.png,train,290.9
1455.png,train,250.2
1456.png,train,123.7
1457.png,train,295.7
1458.png,train,83.1
1459.png,train,249.1
1460.png,train,289.8
1461.png,train,51.3
1462.png,train,123.7
1463.png,train,295.7
1464.png,train,83.1
1465.png,train,249.1
1466.png,train,289.8
1467.png,train,51.3
1468.png,val,98.0184
1469.png,val,270.6375
1470.png,val,59.5326
1471.png,val,225.9811
1472.png,val,265.4868
1473.png,val,27.0546
1474.png,val,123.7
1475.png,val,295.7
1476.png,val,83.1
1477.png,val,249.1
1478.png,val,289.8
1479.png,val,51.3
1480.png,train,123.7
1481.png,train,295.7
1482.png,train,83.1
1483.png,train,249.1
1484.png,train,289.8
1485.png,train,51.3
1486.png,val,58.4
1487.png,val,227.7
1488.png,val,79.1
1489.png,val,216.3
1490.png,val,61.6
1491.png,train,51.4425
1492.png,train,220.6927
1493.png,train,71.9546
1494.png,train,209.0466
1495.png,train,54.577
1496.png,train,58.4
1497.png,train,227.7
1498.png,train,79.1
1499.png,train,216.3
1500.png,train,61.6
1501.png,train,47.0257
1502.png,train,216.3257
1503.png,train,67.7257
1504.png,train,204.9257
1505.png,train,50.2257
1506.png,val,53.5603
1507.png,val,222.375
1508.png,val,75.4094
1509.png,val,211.9184
1510.png,val,57.771
1511.png,train,213.8
1512.png,train,58.1
1513.png,train,58.3
1514.png,train,227.5
1515.png,train,76.7
1516.png,train,224.9176
1517.png,train,69.2176
1518.png,train,69.4176
1519.png,train,238.6176
1520.png,train,87.8176
1521.png,train,213.8
1522.png,train,58.1
1523.png,train,58.3
1524.png,train,227.5
1525.png,train,76.7
1526.png,train,190.19
1527.png,train,33.8064
1528.png,train,34.1403
1529.png,train,203.575
1530.png,train,52.335
1531.png,train,215.3074
1532.png,train,61.1121
1533.png,train,60.6016
1534.png,train,229.2566
1535.png,train,79.1513
1536.png,train,231.1336
1537.png,train,77.3575
1538.png,train,57.4884
1539.png,train,213.8686
1540.png,train,61.2599
1541.png,train,230.9
1542.png,train,77.8
1543.png,train,57.4
1544.png,train,213.8
1545.png,train,61.4
1546.png,train,205.2033
1547.png,train,52.1033
1548.png,train,31.7033
1549.png,train,188.1033
1550.png,train,35.7033
1551.png,train,230.9
1552.png,train,77.8
1553.png,train,57.4
1554.png,train,213.8
1555.png,train,61.4
1556.png,val,229.0188
1557.png,val,74.8186
1558.png,val,55.1057
1559.png,val,211.9514
1560.png,val,58.5399
1561.png,train,225.9352
1562.png,train,75.4352
1563.png,train,58.0352
1564.png,train,213.3352
1565.png,train,62.1352
1566.png,val,229.4
1567.png,val,78.9
1568.png,val,61.5
1569.png,val,216.8
1570.png,val,65.6
1571.png,val,243.6221
1572.png,val,93.1221
1573.png,val,75.7221
1574.png,val,231.0221
1575.png,val,79.8221
1576.png,train,219.5384
1577.png,train,69.0384
1578.png,train,51.6384
1579.png,train,206.9384
1580.png,train,55.7384
1581.png,train,245.0381
1582.png,train,94.5381
1583.png,train,77.1381
1584.png,train,232.4381
1585.png,train,81.2381
1586.png,train,74.9431
1587.png,train,243.9431
1588.png,train,93.6431
1589.png,train,71.5431
1590.png,train,227.6431
1591.png,train,87.6416
1592.png,train,256.6416
1593.png,train,106.3416
1594.png,train,84.2416
1595.png,train,240.3416
1596.png,train,60.8819
1597.png,train,229.2974
1598.png,train,79.0822
1599.png,train,56.8205
1600.png,train,214.4099
1601.png,train,62.9
1602.png,train,231.9
1603.png,train,81.6
1604.png,train,59.5
1605.png,train,215.6
1606.png,train,67.911
1607.png,train,235.2226
1608.png,train,85.1992
1609.png,train,63.2316
1610.png,train,219.5324
1611.png,train,63.7
1612.png,train,217.3
1613.png,train,60.8
1614.png,train,230.8
1615.png,train,79.2
1616.png,train,63.7
1617.png,train,217.3
1618.png,train,60.8
1619.png,train,230.8
1620.png,train,79.2
1621.png,train,61.6079
1622.png,train,216.8229
1623.png,train,59.889
1624.png,train,230.6429
1625.png,train,76.7765
1626.png,train,33.0308
1627.png,train,186.5425
1628.png,train,31.3096
1629.png,train,201.0933
1630.png,train,50.1843
1631.png,train,65.6991
1632.png,train,217.8554
1633.png,train,62.414
1634.png,train,231.784
1635.png,train,81.5532
1636.png,train,293.0998
1637.png,train,54.8176
1638.png,train,331.2232
1639.png,train,11.7387
1640.png,train,188.9425
1641.png,train,291.8
1642.png,train,53.8
1643.png,train,331.3
1644.png,train,12.1
1645.png,train,189.3
1646.png,train,291.8
1647.png,train,53.8
1648.png,train,331.3
1649.png,train,12.1
1650.png,train,189.3
1651.png,train,291.8
1652.png,train,53.8
1653.png,train,331.3
1654.png,train,12.1
1655.png,train,189.3
1656.png,train,291.8
1657.png,train,53.8
1658.png,train,331.3
1659.png,train,12.1
1660.png,train,189.3
1661.png,train,55.7
1662.png,train,333.7
1663.png,train,10.4
1664.png,train,12.7
1665.png,train,146.5
1666.png,train,189.1
1667.png,train,55.7
1668.png,train,333.7
1669.png,train,10.4
1670.png,train,12.7
1671.png,train,146.5
1672.png,train,189.1
1673.png,val,55.7
1674.png,val,333.7
1675.png,val,10.4
1676.png,val,12.7
1677.png,val,146.5
1678.png,val,189.1
1679.png,train,54.111
1680.png,train,335.2702
1681.png,train,10.6094
1682.png,train,12.8247
1683.png,train,147.2502
1684.png,train,189.243
1685.png,train,77.3889
1686.png,train,355.3889
1687.png,train,32.0889
1688.png,train,34.3889
1689.png,train,168.1889
1690.png,train,210.7889
1691.png,train,47.3
1692.png,train,9.0
1693.png,train,145.3
1694.png,train,190.4
1695.png,train,13.2
1696.png,train,79.2
1697.png,train,47.3
1698.png,train,9.0
1699.png,train,145.3
1700.png,train,190.4
1701.png,train,13.2
1702.png,train,79.2
1703.png,train,47.3
1704.png,train,9.0
1705.png,train,145.3
1706.png,train,190.4
1707.png,train,13.2
1708.png,train,79.2
1709.png,train,54.1554
1710.png,train,15.3643
1711.png,train,150.7851
1712.png,train,196.7147
1713.png,train,19.6767
1714.png,train,85.72
1715.png,train,47.3
1716.png,train,9.0
1717.png,train,145.3
1718.png,train,190.4
1719.png,train,13.2
1720.png,train,79.2
1721.png,train,169.0
1722.png,train,278.6
1723.png,train,78.7
1724.png,train,249.7
1725.png,train,10.0
1726.png,train,164.7
1727.png,val,186.8509
1728.png,val,296.4509
1729.png,val,96.5509
1730.png,val,267.5509
1731.png,val,27.8509
1732.png,val,182.5509
1733.png,train,195.6048
1734.png,train,305.2048
1735.png,train,105.3048
1736.png,train,276.3048
1737.png,train,36.6048
1738.png,train,191.3048
1739.png,train,169.0
1740.png,train,278.6
1741.png,train,78.7
1742.png,train,249.7
1743.png,train,10.0
1744.png,train,164.7
1745.png,val,169.0
1746.png,val,278.6
1747.png,val,78.7
1748.png,val,249.7
1749.png,val,10.0
1750.png,val,164.7
1751.png,train,169.1
1752.png,train,6.1
1753.png,train,56.2
1754.png,train,164.3
1755.png,train,78.5
1756.png,train,353.5
1757.png,train,191.9609
1758.png,train,28.5273
1759.png,train,78.6749
1760.png,train,187.3828
1761.png,train,102.022
1762.png,train,16.4247
1763.png,train,168.8539
1764.png,train,6.4394
1765.png,train,57.0327
1766.png,train,163.9146
1767.png,train,78.4296
1768.png,train,353.4987
1769.png,train,170.5543
1770.png,train,7.1203
1771.png,train,57.0181
1772.png,train,166.0427
1773.png,train,80.0121
1774.png,train,355.2515
1775.png,val,168.8691
1776.png,val,6.437
1777.png,val,56.7922
1778.png,val,163.9207
1779.png,val,78.6393
1780.png,val,353.4432
1781.png,train,359.3079
1782.png,train,84.9728
1783.png,train,325.2988
1784.png,train,305.8259
1785.png,train,83.7047
1786.png,train,104.6766
1787.png,train,19.261
1788.png,train,102.261
1789.png,train,344.361
1790.png,train,323.561
1791.png,train,100.561
1792.png,train,121.661
1793.png,val,334.6788
1794.png,val,57.6788
1795.png,val,299.7788
1796.png,val,278.9788
1797.png,val,55.9788
1798.png,val,77.0788
1799.png,train,3.5
1800.png,train,86.5
1801.png,train,328.6
1802.png,train,307.8
1803.png,train,84.8
1804.png,train,105.9
1805.png,train,4.4075
1806.png,train,84.8874
1807.png,train,328.8688
1808.png,train,307.2551
1809.png,train,83.4148
1810.png,train,104.6641
1811.png,train,298.4188
1812.png,train,115.2728
1813.png,train,65.4978
1814.png,train,336.1887
1815.png,train,64.0246
1816.png,train,131.4235
1817.png,train,293.5917
1818.png,train,110.3917
1819.png,train,62.0917
1820.png,train,332.8917
1821.png,train,60.8917
1822.png,train,127.0917
1823.png,train,274.8282
1824.png,train,91.7867
1825.png,train,44.6072
1826.png,train,312.1748
1827.png,train,44.3946
1828.png,train,107.6509
1829.png,train,272.135
1830.png,train,88.9207
1831.png,train,39.4763
1832.png,train,310.8055
1833.png,train,38.1655
1834.png,train,105.7164
1835.png,train,245.6547
1836.png,train,62.4547
1837.png,train,14.1547
1838.png,train,284.9547
1839.png,train,12.9547
1840.png,train,79.1547
1841.png,train,246.8
1842.png,train,87.5
1843.png,train,37.9
1844.png,train,106.4
1845.png,train,39.2
1846.png,train,355.2
1847.png,train,272.0789
1848.png,train,112.7789
1849.png,train,63.1789
1850.png,train,131.6789
1851.png,train,64.4789
1852.png,train,20.4789
1853.png,val,246.8
1854.png,val,87.5
1855.png,val,37.9
1856.png,val,106.4
1857.png,val,39.2
1858.png,val,355.2
1859.png,train,246.8
1860.png,train,87.5
1861.png,train,37.9
1862.png,train,106.4
1863.png,train,39.2
1864.png,train,355.2
1865.png,train,262.1042
1866.png,train,102.8042
1867.png,train,53.2042
1868.png,train,121.7042
1869.png,train,54.5042
1870.png,train,10.5042
1871.png,train,253.6
1872.png,train,86.8
1873.png,train,36.5
1874.png,train,23.3
1875.png,train,34.8
1876.png,train,287.6
1877.png,train,223.8357
1878.png,train,57.0357
1879.png,train,6.7357
1880.png,train,353.5357
1881.png,train,5.0357
1882.png,train,257.8357
1883.png,train,258.7405
1884.png,train,91.9405
1885.png,train,41.6405
1886.png,train,28.4405
1887.png,train,39.9405
1888.png,train,292.7405
1889.png,val,274.0066
1890.png,val,107.2066
1891.png,val,56.9066
1892.png,val,43.7066
1893.png,val,55.2066
1894.png,val,308.0066
1895.png,train,261.9395
1896.png,train,95.1395
1897.png,train,44.8395
1898.png,train,31.6395
1899.png,train,43.1395
1900.png,train,295.9395
1901.png,train,2.3
1902.png,train,305.9
1903.png,train,288.3
1904.png,train,302.1
1905.png,train,201.9
1906.png,train,167.4
1907.png,val,19.9553
1908.png,val,329.434
1909.png,val,312.3894
1910.png,val,325.7147
1911.png,val,218.8389
1912.png,val,186.5482
1913.png,train,1.9291
1914.png,train,307.0129
1915.png,train,289.3554
1916.png,train,303.3271
1917.png,train,201.2488
1918.png,train,167.5034
1919.png,train,28.6529
1920.png,train,332.2529
1921.png,train,314.6529
1922.png,train,328.4529
1923.png,train,228.2529
1924.png,train,193.7529
1925.png,train,2.3
1926.png,train,305.9
1927.png,train,288.3
1928.png,train,302.1
1929.png,train,201.9
1930.png,train,167.4
1931.png,train,213.7
1932.png,train,204.1
1933.png,train,216.9
1934.png,train,107.6
1935.png,train,80.7
1936.png,train,303.5
1937.png,train,190.2465
1938.png,train,180.6465
1939.png,train,193.4465
1940.png,train,84.1465
1941.png,train,57.2465
1942.png,train,280.0465
1943.png,val,213.3026
1944.png,val,203.936
1945.png,val,216.6022
1946.png,val,107.3726
1947.png,val,80.2487
1948.png,val,303.4887
1949.png,train,198.2645
1950.png,train,188.6645
1951.png,train,201.4645
1952.png,train,92.1645
1953.png,train,65.2645
1954.png,train,288.0645
1955.png,train,216.7433
1956.png,train,207.1433
1957.png,train,219.9433
1958.png,train,110.6433
1959.png,train,83.7433
1960.png,train,306.5433
1961.png,train,333.8
1962.png,train,281.8
1963.png,train,281.6
1964.png,train,218.2
1965.png,train,86.2
1966.png,train,133.3
1967.png,val,333.8
1968.png,val,281.8
1969.png,val,281.6
1970.png,val,218.2
1971.png,val,86.2
1972.png,val,133.3
1973.png,val,340.0554
1974.png,val,289.9348
1975.png,val,289.7183
1976.png,val,226.9112
1977.png,val,95.1064
1978.png,val,139.6284
1979.png,val,357.3579
1980.png,val,305.3579
1981.png,val,305.1579
1982.png,val,241.7579
1983.png,val,109.7579
1984.png,val,156.8579
1985.png,val,333.8
1986.png,val,281.8
1987.png,val,281.6
1988.png,val,218.2
1989.png,val,86.2
1990.png,val,133.3
1991.png,val,177.5834
1992.png,val,204.9196
1993.png,val,184.7481
1994.png,val,345.7264
1995.png,val,47.2392
1996.png,val,268.8392
1997.png,train,178.5
1998.png,train,207.0
1999.png,train,185.8
2000.png,train,346.7
2001.png,train,51.0
2002.png,train,274.1
2003.png,train,177.7853
2004.png,train,205.5481
2005.png,train,184.5942
2006.png,train,346.291
2007.png,train,49.5134
2008.png,train,273.6827
2009.png,train,178.5
2010.png,train,207.0
2011.png,train,185.8
2012.png,train,346.7
2013.png,train,51.0
2014.png,train,274.1
2015.png,train,178.0245
2016.png,train,205.9196
2017.png,train,184.9565
2018.png,train,346.6457
2019.png,train,50.2609
2020.png,train,274.9531
2021.png,val,240.2795
2022.png,val,12.1795
2023.png,val,128.1795
2024.png,val,125.4795
2025.png,val,297.1795
2026.png,val,90.2795
2027.png,train,246.5331
2028.png,train,18.4331
2029.png,train,134.4331
2030.png,train,131.7331
2031.png,train,303.4331
2032.png,train,96.5331
2033.png,train,232.8176
2034.png,train,4.7176
2035.png,train,120.7176
2036.png,train,118.0176
2037.png,train,289.7176
2038.png,train,82.8176
2039.png,train,227.9142
2040.png,train,359.8142
2041.png,train,115.8142
2042.png,train,113.1142
2043.png,train,284.8142
2044.png,train,77.9142
2045.png,val,253.0
2046.png,val,24.9
2047.png,val,140.9
2048.png,val,138.2
2049.png,val,309.9
2050.png,val,103.0
2051.png,train,242.3479
2052.png,train,25.7115
2053.png,train,36.3465
2054.png,train,180.678
2055.png,train,326.7182
2056.png,train,156.9138
2057.png,train,243.2
2058.png,train,24.0
2059.png,train,35.0
2060.png,train,178.9
2061.png,train,326.5
2062.png,train,156.4
2063.png,train,243.8753
2064.png,train,24.5565
2065.png,train,35.5747
2066.png,train,179.4521
2067.png,train,327.1784
2068.png,train,157.0176
2069.png,train,243.2
2070.png,train,24.0
2071.png,train,35.0
2072.png,train,178.9
2073.png,train,326.5
2074.png,train,156.4
2075.png,train,243.2
2076.png,train,24.0
2077.png,train,35.0
2078.png,train,178.9
2079.png,train,326.5
2080.png,train,156.4
2081.png,train,147.0121
2082.png,train,316.3823
2083.png,train,84.2608
2084.png,train,166.0878
2085.png,train,155.3692
2086.png,train,177.6702
2087.png,train,346.2702
2088.png,train,111.2702
2089.png,train,196.4702
2090.png,train,185.5702
2091.png,train,162.2212
2092.png,train,330.8212
2093.png,train,95.8212
2094.png,train,181.0212
2095.png,train,170.1212
2096.png,train,138.4167
2097.png,train,307.0167
2098.png,train,72.0167
2099.png,train,157.2167
2100.png,train,146.3167
2101.png,train,168.8557
2102.png,train,337.4557
2103.png,train,102.4557
2104.png,train,187.6557
2105.png,train,176.7557
2106.png,train,319.2463
2107.png,train,79.6594
2108.png,train,150.0096
2109.png,train,298.8526
2110.png,train,58.7526
2111.png,train,129.7526
2112.png,train,332.0781
2113.png,train,91.9781
2114.png,train,162.9781
2115.png,train,333.1033
2116.png,train,93.0033
2117.png,train,164.0033
2118.png,train,318.7
2119.png,train,78.6
2120.png,train,149.6
2121.png,train,156.7
2122.png,train,182.5
2123.png,train,17.1
2124.png,train,105.5
2125.png,train,156.7581
2126.png,train,182.2552
2127.png,train,16.8737
2128.png,train,106.1483
2129.png,train,132.9595
2130.png,train,158.7595
2131.png,train,353.3595
2132.png,train,81.7595
2133.png,train,156.7
2134.png,train,182.5
2135.png,train,17.1
2136.png,train,105.5
2137.png,val,156.7
2138.png,val,182.5
2139.png,val,17.1
2140.png,val,105.5
2141.png,train,103.8279
2142.png,train,138.1279
2143.png,train,297.2279
2144.png,train,46.5279
2145.png,train,115.4437
2146.png,train,150.0598
2147.png,train,309.6686
2148.png,train,52.7292
2149.png,train,114.3
2150.png,train,148.6
2151.png,train,307.7
2152.png,train,57.0
2153.png,train,133.2362
2154.png,train,167.5362
2155.png,train,326.6362
2156.png,train,75.9362
2157.png,train,113.0571
2158.png,train,147.7518
2159.png,train,306.4449
2160.png,train,57.0192
2161.png,train,332.8639
2162.png,train,90.7639
2163.png,train,117.5639
2164.png,val,359.4
2165.png,val,117.3
2166.png,val,144.1
2167.png,train,351.6853
2168.png,train,109.5853
2169.png,train,136.3853
2170.png,val,359.4
2171.png,val,117.3
2172.png,val,144.1
2173.png,train,348.4874
2174.png,train,106.3874
2175.png,train,133.1874
2176.png,train,54.1
2177.png,train,27.6
2178.png,train,100.2
2179.png,train,144.1
2180.png,val,81.5265
2181.png,val,55.0265
2182.png,val,127.6265
2183.png,val,171.5265
2184.png,val,54.1
2185.png,val,27.6
2186.png,val,100.2
2187.png,val,144.1
2188.png,train,32.3295
2189.png,train,5.8295
2190.png,train,78.4295
2191.png,train,122.3295
2192.png,train,54.1
2193.png,train,27.6
2194.png,train,100.2
2195.png,train,144.1
2196.png,val,133.2
2197.png,val,95.7
2198.png,val,314.7
2199.png,val,104.5
2200.png,val,282.2
2201.png,val,292.4
2202.png,val,132.1174
2203.png,val,96.3405
2204.png,val,313.4856
2205.png,val,104.6057
2206.png,val,282.4435
2207.png,val,292.0513
2208.png,train,133.2
2209.png,train,95.7
2210.png,train,314.7
2211.png,train,104.5
2212.png,train,282.2
2213.png,train,292.4
2214.png,train,133.2
2215.png,train,95.7
2216.png,train,314.7
2217.png,train,104.5
2218.png,train,282.2
2219.png,train,292.4
2220.png,train,133.2
2221.png,train,95.7
2222.png,train,314.7
2223.png,train,104.5
2224.png,train,282.2
2225.png,train,292.4
